"Order","Start_CW","Poz-74635","Poz-75446","R-combine","Ki-6881","Poz-16596","R-combine","Poz-33427","OxA-26755","Poz-85608","Poz-36250","Poz-77329","Gd-1684","Poz-20655","Ki-6242","R-combine","Poz-89314","Ki-5717","OxA-X-2417-15","Poz-25936","GrN-20926","End_CW","Start_GAC","Koszyce 3","Kuczkowo 1","Malice 1, Ind. A","Malice 1, Ind. B","Malice 1, Ind. C","Malice 1, Ind. D","Opatowice 1/38","Opatowice 36/101A","Opatowice 36/123","Sandomierz 78","Ki-6914","Ki-6909","Ki-7831","Ki-7830","Poz-61739","Ki-7829","OxA-23438","Poz-90800","Poz-90802","Poz-90804","Poz-90806","Poz-90807","MAMS-30072","MAMS-30073","MAMS-30074","Poz-61735","Poz-21911","Poz-21912","Ki-5841","GrN-14022","Ki-6508","Ki-6509","Poz-61732","Ki-5434","Poz-58148","Poz-44433","Poz-44431","Poz-44430","Poz-44432","Poz-44485","Poz-94493","Poz-94503","Poz-90808","Poz-90809","Poz-90810","Gd-4117","Ki-5595","Gd-6438","Poz-61733","Ki-6513","Poz-61734","Poz-58109","Poz-102997","Poz-102996","Poz-111913","Poz-130232","Poz-111914","OxA-23437","Poz-90821","GrN-20927","Poz-90785","Poz-61738","Ki-5910","Ki-5952","Ki-5433","Poz-58111","Ki-6221","End_GAC",
"Start_CW",0,0.995,0.9993,1,1,1,0.7788,0.8455,0.9443,0.9999,0.8046,0.9998,1,1,0.9998,0.819,0.9983,1,0.743,0.9439,0.9996,1,0.014538,0.22362,0.028465,0.713,0.3611,0.6822,0.734,1,1,0.4254,0.4385,0.07013,0.04077,0.7997,0.8216,0.9954,0.9371,0.6418,0.7357,0.7662,0.6416,0.4994,0.5532,0.324,0.4811,0.29427,0.3261,0.10087,0.7263,0.6855,0.03856,0.9966,0.9967,0.5455,0.9955,0.7163,0.05427,0.024905,0.025783,0.04385,0.7423,0.6471,0.9491,0.6363,0.5515,0.6837,0.5099,0.9838,0.8177,0.3562,0.7217,0.9498,0.03455,0.8311,0.6709,0.9959,0.8121,0.5334,0.7014,0.5961,0.9989,0.5184,0.936,0.0328,0.6159,0.5696,0.5684,0.877,0.9989,
"Poz-74635",0.004976,0,0.5957,0.997,0.9944,0.9987,0.012826,0.03647,0.13317,0.9986,0.019067,0.8472,0.9958,0.9995,0.8927,0.020532,0.5747,0.9991,0.01098,0.18508,0.7852,1,0,0.002144,0.00015,0.03349,0.004689,0.024071,0.04034,0.9847,0.9808,0.005566,0.005992,0.000352,0.00033,0.22956,0.26541,0.5545,0.5361,0.016245,0.06552,0.08961,0.029506,0.007077,0.00947,0.003308,0.005629,0.003035,0.003366,0.000827,0.05029,0.027491,0.000197,0.5702,0.9105,0.008187,0.5278,0.0385,0.000191,0.00022,0.000027,0.000067,0.05918,0.020742,0.3555,0.02096,0.009791,0.03598,0.03629,0.6443,0.27444,0.003844,0.05639,0.3575,0.000017,0.14112,0.026892,0.5543,0.1189,0.007567,0.030975,0.013673,0.7483,0.007279,0.3233,0.000099,0.016888,0.00964,0.009641,0.29579,0.7236,
"Poz-75446",0.000746,0.4043,0,0.9945,0.9914,0.9975,0.002396,0.01254,0.07191,0.9983,0.003959,0.8052,0.9937,0.9991,0.8624,0.004255,0.4782,0.9988,0.002048,0.12233,0.7301,0.9999,0,0.000097,0.000006,0.008778,0.000823,0.0053,0.01095,0.9771,0.972,0.000999,0.001117,0.000037,0.00018,0.18086,0.21339,0.4548,0.4752,0.002379,0.03236,0.04989,0.011235,0.000716,0.001229,0.000152,0.000523,0.00013,0.000169,0.000093,0.020449,0.006623,0.00006,0.4725,0.8871,0.000835,0.4259,0.011553,0.000021,0.00006,0,0.000009,0.025905,0.00492,0.26849,0.005403,0.001383,0.013288,0.021006,0.5774,0.22484,0.000208,0.02606,0.26922,0,0.08646,0.007394,0.4558,0.06885,0.000667,0.007501,0.002558,0.6848,0.000752,0.24052,0,0.003681,0.001315,0.001275,0.22933,0.6628,
"R-combine",0.000002,0.002991,0.005539,0,0.5818,0.7707,0.000116,0.000121,0.000616,0.9546,0.000071,0.18717,0.6745,0.908,0.26017,0.000412,0.007977,0.9366,0.000086,0.00071,0.14427,0.9711,0,0,0,0.000146,0.000048,0.000099,0.00008,0.2298,0.21764,0.000007,0.000071,0,0.000006,0.0091,0.012958,0.004528,0.05775,0.000022,0.000106,0.000191,0.000026,0.000005,0.000006,0,0.000002,0,0,0.000001,0.000077,0.000026,0,0.006089,0.1628,0,0.001594,0.000089,0,0.000001,0,0,0.000095,0.000057,0.000828,0.000026,0.000019,0.000042,0.000268,0.06121,0.016842,0,0.000105,0.000846,0,0.000228,0.000018,0.004598,0.000217,0.000009,0.00005,0.000016,0.05588,0.000008,0.000696,0,0.000014,0.000011,0.000008,0.004422,0.06932,
"Ki-6881",0.000005,0.005604,0.008554,0.4182,0,0.6805,0.000091,0.000207,0.001036,0.8923,0.000098,0.15988,0.5902,0.8574,0.21987,0.000378,0.010518,0.8724,0.00013,0.001517,0.12517,0.9412,0,0,0,0.000199,0.00004,0.000105,0.000141,0.20037,0.1905,0.000027,0.000048,0.000001,0.000017,0.009158,0.012524,0.007635,0.05187,0.000026,0.000344,0.000496,0.000099,0.000015,0.000013,0,0.000019,0,0,0,0.000219,0.000085,0.000006,0.009011,0.14427,0.000003,0.004752,0.000128,0,0.000002,0,0,0.000291,0.000077,0.002922,0.000043,0.00002,0.000149,0.000425,0.05656,0.015827,0,0.000252,0.00282,0,0.000859,0.000072,0.007539,0.000639,0.000002,0.000104,0.000052,0.05358,0.000008,0.002448,0,0.000049,0.000033,0.000006,0.005676,0.06563,
"Poz-16596",0,0.001327,0.002536,0.22933,0.3195,0,0.000047,0.000071,0.00034,0.7786,0.000045,0.07543,0.4162,0.7578,0.10802,0.000186,0.003404,0.7528,0.000019,0.00037,0.05874,0.8745,0,0,0,0.000099,0.000008,0.000042,0.000063,0.0886,0.08331,0.000007,0.000035,0,0.000006,0.003584,0.005142,0.001965,0.022581,0.000027,0.000086,0.000132,0.000022,0.000013,0.000016,0,0,0,0,0,0.00007,0.000021,0,0.00258,0.06175,0.000004,0.00088,0.000072,0,0,0,0,0.000086,0.000024,0.000534,0.000015,0.000005,0.000035,0.000118,0.023562,0.006766,0.000001,0.000072,0.000438,0,0.000207,0.000029,0.00197,0.00019,0.000006,0.000039,0.00001,0.020702,0.000002,0.00042,0,0.000016,0.000007,0,0.001766,0.025755,
"R-combine",0.22124,0.9872,0.9976,0.9999,0.9999,1,0,0.6352,0.8652,0.9998,0.551,0.9991,0.9999,1,0.9991,0.5817,0.9954,1,0.4393,0.8574,0.9984,1,0.00002,0.05722,0.00452,0.5718,0.15549,0.5199,0.6092,0.9997,0.9997,0.20821,0.20388,0.012856,0.004588,0.704,0.7356,0.9928,0.9073,0.4558,0.6057,0.6543,0.4626,0.28133,0.3362,0.12751,0.24227,0.11079,0.14388,0.029277,0.5935,0.5267,0.00204,0.9944,0.9952,0.3214,0.9926,0.5765,0.004915,0.003543,0.000818,0.002354,0.6172,0.4658,0.9273,0.4508,0.336,0.5232,0.354,0.9756,0.7304,0.16251,0.5846,0.9273,0.000428,0.7544,0.5041,0.9931,0.7259,0.30893,0.5535,0.3914,0.9973,0.29294,0.9084,0.001789,0.4199,0.3511,0.3508,0.8186,0.9977,
"Poz-33427",0.15449,0.9635,0.9875,0.9999,0.9998,0.9999,0.3648,0,0.7616,0.9997,0.4137,0.9957,0.9997,1,0.9966,0.4406,0.9818,0.9999,0.3181,0.7642,0.9933,1,0.000026,0.04797,0.00361,0.464,0.11795,0.4104,0.5033,0.9995,0.9994,0.15598,0.15391,0.009953,0.003672,0.6355,0.6726,0.9786,0.8756,0.3513,0.5083,0.5598,0.367,0.21,0.25253,0.09784,0.17873,0.08574,0.10726,0.021844,0.4913,0.42,0.001647,0.9821,0.993,0.23919,0.9772,0.471,0.003946,0.002903,0.000623,0.001771,0.5172,0.3639,0.8828,0.3528,0.25245,0.4224,0.28584,0.9602,0.6675,0.12208,0.4858,0.8834,0.000356,0.6691,0.4007,0.9793,0.6367,0.23025,0.446,0.29933,0.9919,0.21812,0.8579,0.001442,0.3249,0.26346,0.26301,0.7612,0.9861,
"OxA-26755",0.05566,0.8668,0.9281,0.9994,0.999,0.9997,0.1348,0.23838,0,0.9994,0.17107,0.9747,0.999,0.9999,0.9818,0.18331,0.9129,0.9997,0.11605,0.5323,0.963,1,0.000002,0.02398,0.001513,0.23505,0.04823,0.19231,0.26781,0.9975,0.9968,0.06068,0.06116,0.003984,0.00183,0.4752,0.5192,0.9084,0.7828,0.15032,0.29205,0.3438,0.17885,0.0804,0.1008,0.04017,0.06723,0.03502,0.04112,0.008848,0.269,0.20315,0.000843,0.9164,0.9805,0.09142,0.9007,0.24656,0.001583,0.001365,0.000262,0.000704,0.29295,0.16417,0.7407,0.16048,0.10007,0.21497,0.15099,0.8976,0.5192,0.04681,0.27049,0.7396,0.000143,0.4554,0.19187,0.9087,0.4183,0.08782,0.22241,0.12553,0.9573,0.08308,0.7024,0.000496,0.14138,0.10331,0.10303,0.6066,0.9343,
"Poz-85608",0.000083,0.00137,0.001652,0.04543,0.10773,0.22135,0.000193,0.000325,0.000639,0,0.000294,0.010847,0.17519,0.5453,0.017438,0.000314,0.001715,0.4766,0.000235,0.000777,0.009179,0.6917,0,0.00002,0.000024,0.000249,0.000085,0.000231,0.000296,0.012036,0.010747,0.00007,0.000065,0.000019,0,0.001083,0.001225,0.001516,0.003603,0.000204,0.00034,0.000438,0.000229,0.00011,0.000168,0.000065,0.000108,0.000033,0.000044,0.000004,0.000343,0.000247,0.000007,0.001477,0.008082,0.000125,0.00134,0.000274,0,0,0,0,0.000405,0.000245,0.001033,0.000202,0.000146,0.000294,0.000219,0.003854,0.00144,0.000054,0.000326,0.001007,0.000018,0.00056,0.000227,0.001447,0.000542,0.000147,0.000273,0.000171,0.003507,0.000121,0.000991,0,0.000173,0.000168,0.000164,0.000944,0.003802,
"Poz-36250",0.19542,0.9809,0.996,0.9999,0.9999,1,0.449,0.5863,0.8289,0.9997,0,0.9987,0.9998,1,0.9989,0.5293,0.9925,1,0.3939,0.8258,0.9977,1,0.000027,0.05597,0.004287,0.5333,0.14428,0.4802,0.5716,0.9998,0.9997,0.1903,0.18806,0.011858,0.004242,0.6802,0.7141,0.9901,0.8975,0.418,0.5707,0.6214,0.4282,0.25586,0.30633,0.11891,0.21967,0.10265,0.13194,0.026639,0.5569,0.4882,0.001983,0.9921,0.9949,0.29218,0.9896,0.539,0.004639,0.003425,0.000793,0.002277,0.5816,0.4288,0.9142,0.4163,0.30548,0.4873,0.3291,0.972,0.7091,0.14896,0.5491,0.914,0.00048,0.7252,0.4665,0.9905,0.6946,0.28012,0.5146,0.3595,0.9968,0.26602,0.8926,0.001697,0.3858,0.32,0.3189,0.7987,0.9949,
"Poz-77329",0.000201,0.15284,0.19484,0.8128,0.8401,0.9246,0.000945,0.004281,0.025334,0.9892,0.001307,0,0.8795,0.9724,0.584,0.001658,0.18881,0.9833,0.000856,0.0446,0.4259,0.995,0,0,0.000001,0.002743,0.000328,0.001694,0.003289,0.6509,0.6399,0.00033,0.0005,0.00001,0.00009,0.07884,0.09614,0.17739,0.25046,0.000655,0.011013,0.017585,0.003889,0.000179,0.000304,0.000007,0.000149,0.000001,0.000028,0.000022,0.006569,0.001795,0.000015,0.1868,0.5477,0.000221,0.16115,0.003678,0.000006,0.000014,0,0.000005,0.008819,0.001456,0.09985,0.00166,0.000419,0.004275,0.007907,0.2962,0.10514,0.000017,0.009028,0.10016,0,0.030527,0.002102,0.17872,0.024443,0.000153,0.002114,0.000776,0.3427,0.000224,0.08841,0,0.001079,0.000342,0.000311,0.09111,0.3509,
"Gd-1684",0.000022,0.004229,0.006309,0.3255,0.4098,0.5838,0.000148,0.00032,0.000994,0.8248,0.000202,0.12049,0,0.8017,0.16646,0.000444,0.007775,0.8019,0.000179,0.001371,0.09401,0.9035,0,0.000002,0,0.000294,0.000043,0.000245,0.000295,0.14822,0.14082,0.000038,0.000111,0,0.000013,0.006697,0.009292,0.005555,0.03824,0.000141,0.000423,0.000651,0.0002,0.000066,0.000086,0.00001,0.000018,0.000024,0.000023,0.000019,0.000342,0.000214,0.000024,0.006665,0.10551,0.000057,0.003559,0.000301,0.000002,0,0,0,0.000433,0.000198,0.00225,0.00017,0.00011,0.000232,0.000383,0.0413,0.011828,0.000017,0.000376,0.002225,0,0.000803,0.000171,0.005499,0.000696,0.000052,0.000231,0.000095,0.0385,0.000066,0.001948,0,0.000126,0.0001,0.000068,0.004408,0.04777,
"Poz-20655",0,0.000499,0.000883,0.092,0.14261,0.24219,0.000002,0.000008,0.000109,0.4547,0.000008,0.027561,0.19828,0,0.0412,0.000068,0.001274,0.4372,0.000013,0.000116,0.022155,0.6407,0,0,0,0.000002,0.000004,0.000002,0.000009,0.02853,0.026445,0,0.000004,0,0.000002,0.001205,0.001611,0.000647,0.007185,0.000001,0.00002,0.000029,0.000003,0,0.000001,0,0,0,0,0,0.000006,0.000001,0,0.000813,0.019338,0,0.000285,0.000004,0,0,0,0,0.000014,0.000001,0.000164,0.000003,0.000001,0.000011,0.000047,0.007531,0.002158,0,0.000022,0.000179,0,0.000054,0,0.000664,0.000034,0,0.000006,0.000001,0.006583,0,0.000154,0,0.000001,0.000003,0,0.000634,0.007285,
"Ki-6242",0.000178,0.10726,0.13765,0.7398,0.7801,0.892,0.00094,0.003446,0.018232,0.9826,0.001145,0.416,0.8335,0.9588,0,0.001584,0.13441,0.9744,0.000838,0.03174,0.3498,0.9911,0,0.000035,0,0.002443,0.00035,0.001574,0.002787,0.5396,0.5284,0.000341,0.000419,0.000026,0.000091,0.05859,0.07203,0.12534,0.196,0.000723,0.008378,0.012653,0.002919,0.000248,0.000333,0.000064,0.000192,0.000066,0.000065,0.000023,0.00502,0.001674,0.000022,0.13253,0.4426,0.000263,0.11344,0.002929,0.000004,0.000007,0,0.000006,0.006851,0.001228,0.07051,0.001389,0.000448,0.003382,0.005642,0.22882,0.07992,0.000065,0.006615,0.0702,0,0.022156,0.001868,0.12595,0.017636,0.000278,0.001889,0.000765,0.25873,0.000293,0.06244,0.000016,0.000949,0.000445,0.00035,0.06549,0.27157,
"R-combine",0.18102,0.9795,0.9957,0.9996,0.9996,0.9998,0.4183,0.5594,0.8167,0.9997,0.4707,0.9983,0.9996,0.9999,0.9984,0,0.992,0.9999,0.3646,0.8135,0.9973,1,0.000014,0.05133,0.004102,0.5139,0.13211,0.4605,0.5546,0.9993,0.9993,0.17541,0.17098,0.01086,0.004049,0.6691,0.7035,0.9891,0.8931,0.3965,0.5551,0.6069,0.4085,0.2373,0.28531,0.10845,0.20021,0.09502,0.12041,0.024652,0.5392,0.4686,0.001778,0.9917,0.9945,0.27103,0.9888,0.5205,0.004068,0.003139,0.000734,0.001926,0.5646,0.4075,0.9099,0.3954,0.28517,0.4677,0.315,0.9704,0.6982,0.13599,0.5313,0.9099,0.000372,0.7143,0.4463,0.9898,0.6821,0.25953,0.4959,0.3383,0.9962,0.24666,0.8876,0.001539,0.3646,0.29758,0.29766,0.7915,0.9942,
"Poz-89314",0.001661,0.4253,0.5218,0.992,0.9895,0.9966,0.00462,0.018185,0.08714,0.9983,0.007536,0.8112,0.9922,0.9987,0.8656,0.008014,0,0.9986,0.003886,0.1374,0.7397,0.9999,0,0.000486,0.000049,0.01488,0.001606,0.009712,0.018223,0.9731,0.9682,0.001998,0.002176,0.000106,0.000229,0.19231,0.22501,0.4768,0.4888,0.005582,0.0407,0.05987,0.015692,0.002074,0.003196,0.000818,0.001546,0.000787,0.000907,0.000215,0.027529,0.01171,0.000125,0.4932,0.8876,0.002535,0.4489,0.018177,0.000068,0.000145,0.000015,0.000008,0.03428,0.008611,0.28896,0.009259,0.003451,0.018744,0.024796,0.5917,0.2364,0.001051,0.03361,0.29034,0.000001,0.10026,0.012103,0.478,0.08195,0.00216,0.013344,0.00531,0.6965,0.002191,0.25907,0.000024,0.006844,0.003093,0.003117,0.24462,0.6737,
"Ki-5717",0.000002,0.000927,0.00123,0.0634,0.12759,0.24719,0.000034,0.000098,0.000344,0.5234,0.000029,0.016693,0.19811,0.5628,0.025645,0.000115,0.001393,0,0.000035,0.000383,0.013779,0.7074,0,0,0,0.000095,0.000014,0.000075,0.00012,0.019072,0.017506,0.000007,0.000003,0,0.000005,0.000978,0.001323,0.0011,0.00509,0.000052,0.00014,0.000179,0.00008,0.000009,0.000027,0,0,0,0.000001,0,0.00013,0.000072,0.000002,0.001201,0.012878,0.000003,0.000767,0.000077,0,0.000001,0,0,0.000169,0.00005,0.000557,0.000046,0.000029,0.00008,0.000097,0.005412,0.001653,0.000002,0.000117,0.000551,0,0.000296,0.000083,0.001054,0.000234,0.000016,0.000102,0.000026,0.004806,0.000005,0.000546,0,0.000059,0.000017,0.000041,0.000734,0.005644,
"OxA-X-2417-15",0.257,0.989,0.998,0.9999,0.9999,1,0.5607,0.6819,0.884,0.9998,0.6061,0.9991,0.9998,1,0.9992,0.6354,0.9961,1,0,0.878,0.9986,1,0.000034,0.0729,0.005351,0.6037,0.18714,0.5566,0.6375,0.9997,0.9997,0.2466,0.24471,0.015625,0.005292,0.7248,0.7548,0.9933,0.9143,0.4979,0.6352,0.6797,0.501,0.3223,0.381,0.15505,0.28617,0.13482,0.17124,0.03443,0.6243,0.5617,0.002289,0.9948,0.9956,0.3667,0.9934,0.6087,0.005828,0.004079,0.000899,0.002891,0.6454,0.5053,0.9327,0.4913,0.3803,0.5599,0.3847,0.9775,0.7494,0.19358,0.6147,0.9328,0.00061,0.7723,0.5412,0.9939,0.7454,0.3537,0.5877,0.4359,0.9976,0.3371,0.9154,0.002252,0.4627,0.3967,0.3959,0.8317,0.9983,
"Poz-25936",0.05614,0.8149,0.8777,0.9993,0.9985,0.9996,0.14262,0.23579,0.4677,0.9992,0.17419,0.9554,0.9986,0.9999,0.9683,0.18655,0.8626,0.9996,0.12203,0,0.9355,1,0.000003,0.023132,0.001458,0.22891,0.04922,0.19068,0.25782,0.9958,0.9947,0.06337,0.06361,0.004071,0.001649,0.4539,0.4935,0.8539,0.7517,0.15317,0.28029,0.3287,0.17662,0.08443,0.10401,0.04104,0.07103,0.03605,0.04348,0.009313,0.25927,0.19978,0.000897,0.8628,0.9703,0.0964,0.8448,0.23871,0.001759,0.001341,0.000239,0.00076,0.28005,0.16475,0.6895,0.16188,0.10405,0.2097,0.14788,0.8612,0.4957,0.04905,0.26012,0.6908,0.000191,0.4282,0.19031,0.8551,0.394,0.09218,0.21708,0.12893,0.9254,0.08724,0.6553,0.000632,0.14323,0.10753,0.10736,0.572,0.9032,
"GrN-20926",0.000368,0.21483,0.26992,0.8557,0.8748,0.9413,0.001587,0.006719,0.03703,0.9908,0.0023,0.5741,0.906,0.9778,0.6502,0.002654,0.26028,0.9862,0.001382,0.06452,0,0.9962,0,0.000064,0.00001,0.004593,0.000683,0.003123,0.00561,0.7285,0.7188,0.00063,0.000763,0.000018,0.000117,0.1044,0.12464,0.2469,0.30488,0.001465,0.01663,0.026236,0.005959,0.000553,0.000856,0.000106,0.000354,0.000112,0.00013,0.000052,0.010647,0.003385,0.000079,0.25814,0.629,0.000635,0.22714,0.006121,0.000012,0.000054,0,0.000003,0.013585,0.00264,0.14097,0.002899,0.000834,0.006933,0.011542,0.3648,0.13529,0.000161,0.013749,0.14267,0,0.04512,0.003852,0.24828,0.0358,0.000444,0.003927,0.001512,0.427,0.0005,0.12623,0.000001,0.002026,0.000839,0.000715,0.12592,0.4272,
"End_CW",0,0.000026,0.000109,0.02888,0.05884,0.12551,0,0,0.000014,0.3083,0,0.005008,0.09647,0.3593,0.0089,0.000003,0.0001,0.29265,0,0.000014,0.003816,0,0,0,0,0.000002,0,0,0,0.006045,0.004991,0,0,0,0,0.000208,0.000339,0.000042,0.001478,0,0.000001,0,0,0,0,0,0,0,0,0,0,0,0,0.000114,0.003509,0,0.000012,0.000003,0,0,0,0,0,0,0,0,0,0,0.000005,0.00133,0.000385,0,0.000004,0,0,0,0,0.000052,0,0,0,0,0.001031,0,0,0,0,0,0,0.000083,0.000828,
"Start_GAC",0.9855,1,1,1,1,1,1,1,1,1,1,1,1,1,1,1,1,1,1,1,1,1,0,0.999,0.736,1,0.9993,1,1,1,1,0.9996,0.9997,0.9177,0.8431,0.9998,0.9998,1,0.9999,0.9999,0.9999,0.9999,0.9999,0.9996,0.9998,0.999,0.9997,0.9989,0.9981,0.9238,0.9999,0.9999,0.8715,1,0.9999,0.9998,1,0.9999,0.9132,0.7026,0.7809,0.8891,0.9999,0.9999,1,0.9999,0.9998,0.9999,0.9814,0.9999,0.9998,0.9987,0.9999,1,0.8556,0.9999,0.9999,1,0.9999,0.9998,0.9999,0.9999,1,0.9996,1,0.8237,0.9999,0.9998,0.9998,0.9999,1,
"Koszyce 3",0.7764,0.9979,0.9999,1,1,1,0.9428,0.952,0.976,1,0.944,1,1,1,1,0.9487,0.9995,1,0.9271,0.9769,0.9999,1,0.000992,0,0.017124,0.8966,0.6373,0.8902,0.9014,1,1,0.717,0.7701,0.05684,0.017645,0.9274,0.9356,0.9987,0.9776,0.8817,0.9072,0.9175,0.8754,0.7887,0.838,0.5882,0.8149,0.5306,0.5425,0.11351,0.9023,0.8906,0.007065,0.999,0.9983,0.8406,0.9987,0.8981,0.02491,0.010553,0.004121,0.013369,0.9077,0.8828,0.9806,0.8784,0.8382,0.8921,0.6985,0.9938,0.9331,0.594,0.9027,0.9808,0.004598,0.9369,0.8884,0.9988,0.9313,0.8309,0.8933,0.8631,0.9999,0.8181,0.9756,0.00767,0.8711,0.8552,0.8546,0.956,1,
"Kuczkowo 1",0.9715,0.9999,1,1,1,1,0.9955,0.9964,0.9985,1,0.9957,1,1,1,1,0.9959,1,1,0.9946,0.9985,1,1,0.26402,0.9829,0,0.9954,0.9866,0.9946,0.9955,1,1,0.9888,0.9895,0.8161,0.6824,0.9963,0.9965,0.9999,0.9988,0.9938,0.995,0.9957,0.9936,0.99,0.9917,0.985,0.9898,0.9839,0.9835,0.8291,0.9952,0.9945,0.7348,0.9998,0.9998,0.9915,0.9999,0.9949,0.8109,0.4717,0.5754,0.7656,0.9956,0.9937,0.999,0.9935,0.9915,0.9941,0.9489,0.9997,0.9963,0.9849,0.995,0.999,0.7059,0.997,0.994,0.9999,0.9967,0.991,0.9947,0.9927,1,0.9906,0.9989,0.6489,0.9932,0.9919,0.992,0.9977,1,
"Malice 1, Ind. A",0.287,0.9665,0.9912,0.9999,0.9998,0.9999,0.4282,0.536,0.765,0.9998,0.4667,0.9973,0.9997,1,0.9976,0.4861,0.9851,0.9999,0.3963,0.7711,0.9954,1,0.000016,0.10338,0.004634,0,0.18884,0.4528,0.5353,0.9995,0.9994,0.22897,0.23761,0.015591,0.005352,0.6644,0.6989,0.9837,0.8864,0.4034,0.5433,0.59,0.4189,0.27978,0.3193,0.16592,0.26282,0.14628,0.16569,0.0335,0.5257,0.4617,0.002067,0.9863,0.9941,0.31014,0.9822,0.5067,0.005999,0.003776,0.001058,0.002885,0.5495,0.4142,0.8915,0.4053,0.3197,0.466,0.3299,0.9648,0.6943,0.18324,0.5216,0.8921,0.000746,0.6899,0.4451,0.984,0.6586,0.30019,0.4844,0.3606,0.9944,0.29112,0.8676,0.002151,0.3807,0.331,0.3293,0.7789,0.9907,
"Malice 1, Ind. B",0.6389,0.9953,0.9992,1,1,1,0.8445,0.8821,0.9518,0.9999,0.8557,0.9997,1,1,0.9997,0.8679,0.9984,1,0.8129,0.9508,0.9993,1,0.000736,0.3627,0.013383,0.8112,0,0.7945,0.8246,0.9999,0.9999,0.5731,0.6017,0.05228,0.016649,0.8682,0.8825,0.997,0.9591,0.7703,0.8282,0.848,0.765,0.6485,0.6992,0.4582,0.6472,0.4174,0.4364,0.09806,0.8214,0.7955,0.008411,0.9976,0.9975,0.6972,0.997,0.8154,0.026044,0.008493,0.003331,0.015222,0.8309,0.7724,0.9659,0.7635,0.7013,0.7945,0.6074,0.9891,0.8789,0.4765,0.8184,0.9666,0.004831,0.8884,0.7864,0.9971,0.8762,0.6852,0.805,0.7369,0.999,0.6722,0.958,0.007635,0.75,0.7172,0.7182,0.9198,0.9995,
"Malice 1, Ind. C",0.3178,0.9759,0.9947,0.9999,0.9999,1,0.4801,0.5896,0.8077,0.9998,0.5198,0.9983,0.9998,1,0.9984,0.5395,0.9903,0.9999,0.4434,0.8093,0.9969,1,0.000011,0.10984,0.005401,0.5472,0.20552,0,0.5814,0.9997,0.9997,0.25248,0.26151,0.016728,0.005683,0.6933,0.7254,0.9883,0.8999,0.4464,0.5857,0.6311,0.4596,0.31077,0.3549,0.18129,0.29081,0.16045,0.1817,0.03695,0.571,0.5072,0.002225,0.9908,0.995,0.345,0.9875,0.5524,0.006632,0.004045,0.001079,0.003368,0.5926,0.4567,0.9094,0.4474,0.3549,0.5085,0.3592,0.9708,0.7204,0.20202,0.5655,0.9101,0.000871,0.7263,0.4908,0.9885,0.6973,0.3346,0.5316,0.3993,0.9963,0.3225,0.8884,0.002254,0.4225,0.3672,0.3677,0.8037,0.9938,
"Malice 1, Ind. D",0.26599,0.9597,0.9891,0.9999,0.9999,0.9999,0.3908,0.4967,0.7322,0.9997,0.4284,0.9967,0.9997,1,0.9972,0.4454,0.9818,0.9999,0.3625,0.7422,0.9944,1,0.000004,0.09862,0.004478,0.4647,0.17541,0.4186,0,0.9997,0.9996,0.21212,0.22205,0.014689,0.004804,0.6437,0.6783,0.98,0.8765,0.3694,0.5107,0.5588,0.3879,0.25746,0.29351,0.15567,0.24348,0.13777,0.15352,0.031602,0.4924,0.4285,0.001939,0.984,0.9938,0.28466,0.9782,0.4736,0.005789,0.003395,0.00093,0.002807,0.5169,0.3814,0.8769,0.3746,0.2946,0.4339,0.30967,0.9606,0.6744,0.17009,0.4899,0.8772,0.000722,0.6619,0.4129,0.9806,0.629,0.27613,0.45,0.3317,0.9935,0.26785,0.8516,0.001921,0.3514,0.30263,0.3023,0.7607,0.988,
"Opatowice 1/38",0.000015,0.015251,0.022858,0.7702,0.7996,0.9114,0.0003,0.000473,0.002481,0.988,0.00022,0.3491,0.8518,0.9715,0.4604,0.000699,0.026872,0.9809,0.000255,0.004215,0.27146,0.994,0,0,0,0.000483,0.000116,0.000258,0.000306,0,0.4791,0.000038,0.000151,0.000001,0.000053,0.021626,0.029492,0.019723,0.11929,0.000051,0.000913,0.001484,0.000291,0.000009,0.000041,0,0.000018,0,0,0,0.000622,0.000143,0.000002,0.023189,0.3576,0.00001,0.013656,0.000321,0,0,0,0,0.000771,0.000161,0.008203,0.000098,0.000046,0.000327,0.001022,0.13248,0.03713,0,0.000714,0.007974,0,0.002342,0.000136,0.020034,0.001968,0.000001,0.000202,0.000045,0.1287,0.000007,0.007158,0,0.000077,0.000043,0.000024,0.014372,0.21917,
"Opatowice 36/101A",0.000016,0.019234,0.027956,0.7824,0.8095,0.9167,0.000267,0.000589,0.003224,0.9893,0.000272,0.3602,0.8592,0.9736,0.4716,0.000729,0.03184,0.9825,0.000284,0.005299,0.28125,0.995,0,0,0,0.000554,0.000116,0.000303,0.000422,0.5209,0,0.000058,0.000146,0,0.000029,0.023977,0.03219,0.024556,0.1271,0.000037,0.001174,0.001896,0.000393,0.00001,0.000025,0,0.000018,0,0,0,0.000696,0.00017,0.000007,0.028179,0.3756,0.000016,0.01748,0.000339,0,0.000001,0,0,0.000919,0.000173,0.010642,0.000152,0.000074,0.000396,0.00123,0.14009,0.04013,0,0.000983,0.010514,0,0.003075,0.000188,0.024919,0.002473,0.000012,0.00022,0.000064,0.13903,0.000017,0.009393,0,0.000106,0.000041,0.000025,0.016555,0.23001,
"Opatowice 36/123",0.5746,0.9944,0.999,1,1,1,0.7918,0.844,0.9393,0.9999,0.8097,0.9997,1,1,0.9997,0.8246,0.998,1,0.7534,0.9366,0.9994,1,0.000448,0.28301,0.011193,0.771,0.4269,0.7475,0.7879,1,0.9999,0,0.5204,0.04354,0.014367,0.8389,0.8571,0.9965,0.9502,0.7163,0.7897,0.815,0.7118,0.5775,0.6331,0.3843,0.5695,0.3478,0.3754,0.08228,0.7832,0.7489,0.006783,0.9973,0.9973,0.6283,0.9966,0.7743,0.020781,0.007652,0.002819,0.012257,0.7948,0.7185,0.9599,0.7093,0.6334,0.7479,0.56,0.9869,0.8529,0.4115,0.7787,0.9607,0.004186,0.8657,0.7386,0.9966,0.8503,0.6157,0.7625,0.6735,0.9989,0.6006,0.9496,0.006405,0.6917,0.6514,0.6502,0.9025,0.9996,
"Sandomierz 78",0.5615,0.994,0.9989,0.9999,1,1,0.7961,0.8461,0.9388,0.9999,0.8119,0.9995,0.9999,1,0.9996,0.829,0.9978,1,0.7553,0.9364,0.9992,1,0.000332,0.22989,0.010524,0.7624,0.3983,0.7385,0.7779,0.9998,0.9999,0.4796,0,0.03501,0.010801,0.8333,0.8517,0.9961,0.9485,0.7078,0.7818,0.8076,0.7021,0.5644,0.6224,0.3523,0.5541,0.31384,0.3507,0.07224,0.7744,0.7407,0.004469,0.997,0.997,0.6154,0.9962,0.7649,0.01435,0.00722,0.002409,0.007685,0.7858,0.7101,0.9578,0.7003,0.6211,0.7394,0.5492,0.9862,0.8476,0.3883,0.7707,0.9579,0.002116,0.86,0.7299,0.9964,0.8434,0.6044,0.7533,0.6646,0.9987,0.5878,0.9469,0.004516,0.6835,0.6417,0.6411,0.8979,0.9995,
"Ki-6914",0.9299,0.9996,1,1,1,1,0.9871,0.99,0.996,1,0.9881,1,1,1,1,0.9891,0.9999,1,0.9844,0.9959,1,1,0.08231,0.9432,0.1839,0.9844,0.9477,0.9833,0.9853,1,1,0.9565,0.965,0,0.3295,0.9879,0.9893,0.9998,0.9963,0.9803,0.9849,0.9871,0.9792,0.9645,0.9727,0.942,0.9693,0.9345,0.9164,0.5451,0.9846,0.9825,0.3548,0.9998,0.9993,0.9734,0.9998,0.9839,0.4691,0.16395,0.2143,0.4057,0.9855,0.9806,0.997,0.9797,0.9733,0.9822,0.878,0.999,0.9884,0.9289,0.9842,0.9972,0.3255,0.9903,0.9817,0.9998,0.9891,0.9719,0.9832,0.9775,0.9999,0.9703,0.9963,0.28458,0.9788,0.9752,0.9754,0.993,1,
"Ki-6909",0.9592,0.9997,0.9998,1,1,1,0.9954,0.9963,0.9982,1,0.9958,0.9999,1,1,0.9999,0.996,0.9998,1,0.9947,0.9984,0.9999,1,0.15694,0.9824,0.3176,0.9946,0.9834,0.9943,0.9952,0.9999,1,0.9856,0.9892,0.6705,0,0.9955,0.996,0.9998,0.9986,0.9932,0.9949,0.9955,0.993,0.9881,0.9908,0.9808,0.9897,0.9781,0.9699,0.7004,0.9946,0.994,0.5455,0.9998,0.9995,0.991,0.9997,0.9945,0.6514,0.29285,0.3763,0.5909,0.9949,0.9934,0.9986,0.9929,0.9909,0.9939,0.9217,0.9994,0.9957,0.9745,0.9946,0.9988,0.5124,0.9966,0.9938,0.9998,0.9961,0.9904,0.994,0.9922,0.9998,0.9899,0.9985,0.4563,0.9927,0.9913,0.9915,0.9974,0.9999,
"Ki-7831",0.20028,0.7704,0.8191,0.9909,0.9908,0.9964,0.29596,0.3645,0.5248,0.9989,0.3198,0.9212,0.9933,0.9988,0.9414,0.3309,0.8077,0.999,0.27517,0.5461,0.8956,0.9998,0.00016,0.07262,0.003693,0.3356,0.13178,0.30665,0.3563,0.9784,0.976,0.16109,0.16672,0.012145,0.004544,0,0.5329,0.8005,0.7421,0.27443,0.3706,0.4068,0.28729,0.19524,0.22288,0.11601,0.18394,0.10353,0.11596,0.02472,0.3556,0.3119,0.002364,0.8084,0.9442,0.21581,0.7909,0.3406,0.005535,0.003012,0.001187,0.003127,0.3721,0.28299,0.6756,0.27741,0.22209,0.3173,0.23109,0.8264,0.5344,0.1294,0.3552,0.6758,0.001351,0.4809,0.30316,0.8013,0.4562,0.20974,0.3259,0.24767,0.8791,0.20237,0.6493,0.002029,0.26117,0.22908,0.22848,0.5897,0.8903,
"Ki-7830",0.17839,0.7346,0.7866,0.987,0.9875,0.9949,0.26439,0.3274,0.4808,0.9988,0.2859,0.9039,0.9907,0.9984,0.928,0.29649,0.775,0.9987,0.24517,0.5065,0.8754,0.9997,0.000176,0.06439,0.003454,0.3011,0.11747,0.27462,0.3217,0.9705,0.9678,0.14292,0.14827,0.010738,0.003964,0.4671,0,0.7662,0.7132,0.24513,0.336,0.3699,0.25732,0.17392,0.19736,0.10299,0.16391,0.09129,0.10292,0.022085,0.3213,0.28048,0.002065,0.7749,0.9311,0.1919,0.7557,0.3078,0.004877,0.002637,0.001076,0.002767,0.3369,0.25218,0.6363,0.2481,0.19793,0.28586,0.209,0.799,0.5018,0.11475,0.3227,0.6373,0.001156,0.443,0.27229,0.7663,0.418,0.18698,0.29266,0.22145,0.8557,0.18038,0.6102,0.001742,0.23322,0.20376,0.20339,0.5539,0.8678,
"Poz-61739",0.004554,0.4455,0.5452,0.9955,0.9924,0.998,0.007239,0.021406,0.09155,0.9985,0.009945,0.8226,0.9944,0.9994,0.8747,0.010877,0.5232,0.9989,0.0067,0.14607,0.7531,1,0,0.001292,0.000073,0.016258,0.002976,0.011714,0.02,0.9803,0.9754,0.003496,0.003909,0.000235,0.000236,0.19949,0.23379,0,0.5015,0.007573,0.04311,0.0627,0.017995,0.003869,0.00505,0.002013,0.003507,0.001826,0.002083,0.000449,0.02989,0.013357,0.000153,0.5169,0.8969,0.004474,0.4723,0.02014,0.000157,0.000111,0.000017,0.000056,0.03664,0.010305,0.30323,0.011246,0.005168,0.020738,0.027003,0.6081,0.24433,0.002246,0.03608,0.30572,0.000024,0.10402,0.014103,0.4996,0.08491,0.00419,0.014928,0.007088,0.7129,0.003954,0.27204,0.000032,0.00862,0.005099,0.004978,0.25548,0.6974,
"Ki-7829",0.06291,0.4639,0.5248,0.9423,0.9481,0.9774,0.0927,0.12439,0.21719,0.9964,0.10254,0.7495,0.9618,0.9928,0.804,0.10689,0.5112,0.9949,0.08574,0.24829,0.6951,0.9985,0.000072,0.022364,0.00118,0.11362,0.04093,0.10014,0.12352,0.8807,0.8729,0.04976,0.05152,0.003705,0.001449,0.25785,0.2868,0.4985,0,0.08793,0.1387,0.16058,0.0973,0.06029,0.06836,0.03589,0.05648,0.03183,0.03549,0.007476,0.12679,0.10354,0.000818,0.5097,0.7991,0.06695,0.4813,0.1178,0.001695,0.001179,0.000446,0.000976,0.13652,0.09203,0.366,0.0904,0.069,0.10939,0.0847,0.5791,0.29424,0.03972,0.12989,0.3669,0.000456,0.20722,0.10053,0.4991,0.18908,0.06455,0.10943,0.07871,0.6425,0.06273,0.3429,0.000675,0.08378,0.07132,0.07131,0.31435,0.6682,
"OxA-23438",0.3582,0.9838,0.9976,1,1,1,0.5442,0.6487,0.8497,0.9998,0.582,0.9993,0.9999,1,0.9993,0.6035,0.9944,0.9999,0.5021,0.8468,0.9985,1,0.000075,0.11827,0.006203,0.5966,0.22971,0.5536,0.6306,0.9999,1,0.28373,0.29221,0.019681,0.006778,0.7256,0.7549,0.9924,0.9121,0,0.631,0.6748,0.5075,0.351,0.401,0.19988,0.3273,0.177,0.20259,0.04166,0.618,0.5589,0.002841,0.9943,0.9959,0.3893,0.9919,0.6024,0.00777,0.004688,0.001458,0.003902,0.6385,0.5086,0.9263,0.4979,0.3998,0.5591,0.395,0.9766,0.7484,0.22675,0.6113,0.9265,0.001349,0.7632,0.5409,0.9928,0.7365,0.3783,0.5823,0.4473,0.9979,0.365,0.9083,0.002715,0.4712,0.4153,0.4136,0.828,0.9973,
"Poz-90800",0.26432,0.9345,0.9676,0.9999,0.9997,0.9999,0.3943,0.4917,0.7079,0.9997,0.4293,0.989,0.9996,1,0.9916,0.4449,0.9593,0.9999,0.3648,0.7197,0.9834,1,0.000105,0.09285,0.005034,0.4567,0.17183,0.4143,0.4893,0.9991,0.9988,0.2103,0.21821,0.01512,0.00506,0.6294,0.664,0.9569,0.8613,0.369,0,0.5447,0.3857,0.25682,0.29372,0.15067,0.24148,0.13383,0.15146,0.031378,0.4827,0.4229,0.002234,0.9615,0.9898,0.2851,0.9532,0.4642,0.006257,0.003765,0.001171,0.003247,0.5048,0.3797,0.8496,0.372,0.29436,0.4285,0.30534,0.9442,0.6608,0.16834,0.4808,0.8503,0.001195,0.641,0.4094,0.9575,0.6097,0.27759,0.4437,0.3309,0.9807,0.26716,0.8242,0.0023,0.3498,0.30374,0.30339,0.7408,0.9773,
"Poz-90802",0.23378,0.9104,0.9501,0.9998,0.9995,0.9999,0.3457,0.4402,0.6562,0.9996,0.3786,0.9824,0.9993,1,0.9873,0.3931,0.9401,0.9998,0.3203,0.6713,0.9738,1,0.000051,0.08247,0.004277,0.41,0.15203,0.3689,0.4412,0.9985,0.9981,0.18503,0.1924,0.012868,0.004539,0.5932,0.6301,0.9373,0.8394,0.3252,0.4553,0,0.3438,0.22595,0.25865,0.13394,0.21204,0.1182,0.13365,0.027532,0.436,0.378,0.00206,0.9425,0.986,0.25077,0.9323,0.4174,0.005423,0.003216,0.000999,0.002843,0.4579,0.3367,0.817,0.3304,0.2581,0.3842,0.27537,0.9287,0.6273,0.14805,0.4349,0.8171,0.00091,0.5959,0.365,0.9376,0.5651,0.24267,0.3971,0.29156,0.9706,0.23407,0.7901,0.001872,0.30951,0.26581,0.26658,0.7059,0.9664,
"Poz-90804",0.3584,0.9705,0.9888,1,0.9999,1,0.5374,0.633,0.8211,0.9998,0.5718,0.9961,0.9998,1,0.9971,0.5915,0.9843,0.9999,0.499,0.8234,0.994,1,0.000149,0.12465,0.006443,0.5811,0.235,0.5404,0.6121,0.9997,0.9996,0.28819,0.2979,0.020772,0.006973,0.7127,0.7427,0.982,0.9027,0.4925,0.6143,0.6562,0,0.3534,0.4018,0.20522,0.3326,0.1819,0.20702,0.04344,0.6016,0.5463,0.003308,0.9846,0.9941,0.3913,0.9813,0.5871,0.00849,0.004795,0.001687,0.004685,0.6227,0.5008,0.9086,0.4907,0.4007,0.5475,0.391,0.9678,0.7375,0.23187,0.5968,0.9087,0.001551,0.7417,0.5299,0.9827,0.7157,0.3802,0.5669,0.4447,0.9927,0.3676,0.8892,0.002815,0.4661,0.4149,0.4133,0.8131,0.9918,
"Poz-90806",0.5006,0.9929,0.9993,1,1,1,0.7187,0.79,0.9196,0.9999,0.7441,0.9998,0.9999,1,0.9998,0.7627,0.9979,1,0.6777,0.9156,0.9994,1,0.000425,0.21134,0.010008,0.7202,0.3515,0.6892,0.7425,1,1,0.4225,0.4356,0.0355,0.011941,0.8048,0.8261,0.9961,0.9397,0.649,0.7432,0.7741,0.6466,0,0.5547,0.31339,0.483,0.2811,0.31207,0.06808,0.7339,0.6917,0.006507,0.9971,0.997,0.5482,0.9962,0.7239,0.017182,0.006815,0.002873,0.009932,0.7491,0.6531,0.9522,0.6431,0.5559,0.6907,0.506,0.9846,0.8219,0.3439,0.729,0.9517,0.004065,0.8379,0.6785,0.9964,0.8192,0.5355,0.7092,0.601,0.999,0.5197,0.9396,0.005536,0.6204,0.573,0.5721,0.8814,0.9995,
"Poz-90807",0.4468,0.9905,0.9988,1,1,1,0.6638,0.7475,0.8992,0.9998,0.6937,0.9997,0.9999,1,0.9997,0.7147,0.9968,1,0.619,0.896,0.9991,1,0.00021,0.16198,0.008255,0.6807,0.30078,0.6451,0.7065,1,1,0.3669,0.3776,0.0273,0.009157,0.7771,0.8026,0.995,0.9316,0.599,0.7063,0.7413,0.5982,0.4453,0,0.26257,0.4223,0.23323,0.26571,0.05586,0.696,0.6481,0.004377,0.9962,0.9966,0.4907,0.995,0.6839,0.01169,0.006176,0.002158,0.006655,0.7132,0.6049,0.9445,0.594,0.4995,0.6466,0.4666,0.9819,0.7973,0.29493,0.6898,0.9441,0.002417,0.8138,0.632,0.9952,0.7927,0.4782,0.6672,0.5474,0.9986,0.4626,0.9301,0.003982,0.5697,0.5171,0.5164,0.8639,0.999,
"MAMS-30072",0.676,0.9967,0.9998,1,1,1,0.8725,0.9022,0.9598,0.9999,0.8811,1,1,1,0.9999,0.8916,0.9992,1,0.845,0.959,0.9999,1,0.001002,0.4118,0.015047,0.8341,0.5418,0.8187,0.8443,1,1,0.6157,0.6477,0.05797,0.019156,0.884,0.897,0.998,0.9641,0.8001,0.8493,0.8661,0.7948,0.6866,0.7374,0,0.6925,0.4571,0.4722,0.10658,0.8436,0.8209,0.009836,0.9985,0.998,0.7363,0.9981,0.8362,0.029922,0.009689,0.004217,0.017425,0.8516,0.8013,0.971,0.7947,0.7371,0.8217,0.6322,0.9905,0.894,0.5147,0.8419,0.971,0.006448,0.9019,0.814,0.9982,0.8917,0.7246,0.8289,0.7698,0.9996,0.7113,0.9627,0.009009,0.7827,0.7542,0.7532,0.9298,1,
"MAMS-30073",0.5189,0.9944,0.9995,1,1,1,0.7577,0.8213,0.9328,0.9999,0.7803,0.9999,1,1,0.9998,0.7998,0.9985,1,0.7138,0.929,0.9996,1,0.000254,0.18509,0.010168,0.7372,0.3528,0.7092,0.7565,1,1,0.4305,0.4459,0.030706,0.010327,0.8161,0.8361,0.9965,0.9435,0.6727,0.7585,0.788,0.6674,0.517,0.5777,0.3075,0,0.27204,0.3117,0.06386,0.7514,0.7115,0.004563,0.9976,0.9972,0.5693,0.9968,0.7411,0.012974,0.006897,0.002466,0.007056,0.7645,0.6748,0.9553,0.6642,0.5763,0.7097,0.5193,0.9855,0.8317,0.346,0.7447,0.9552,0.002607,0.8469,0.6987,0.9969,0.8292,0.5566,0.727,0.6242,0.9991,0.5393,0.9432,0.004443,0.6439,0.596,0.5965,0.8884,0.9999,
"MAMS-30074",0.7057,0.997,0.9999,1,1,1,0.8892,0.9143,0.965,1,0.8973,1,1,1,0.9999,0.905,0.9992,1,0.8652,0.9639,0.9999,1,0.001091,0.4694,0.016084,0.8537,0.5826,0.8396,0.8622,1,1,0.6522,0.6862,0.06548,0.021897,0.8965,0.9087,0.9982,0.9682,0.823,0.8662,0.8818,0.8181,0.7189,0.7668,0.5429,0.728,0,0.5065,0.11706,0.8609,0.8423,0.011842,0.9987,0.998,0.7655,0.9984,0.8559,0.03528,0.01018,0.004582,0.020922,0.8686,0.8245,0.9739,0.8183,0.7668,0.8411,0.655,0.9918,0.9051,0.5514,0.8595,0.974,0.007639,0.9131,0.8359,0.9983,0.9033,0.7554,0.849,0.7974,0.9996,0.7446,0.9676,0.010275,0.807,0.783,0.783,0.9377,1,
"Poz-61735",0.6739,0.9966,0.9998,1,1,1,0.8561,0.8927,0.9589,1,0.8681,1,1,1,0.9999,0.8796,0.9991,1,0.8288,0.9565,0.9999,1,0.001921,0.4575,0.016519,0.8343,0.5636,0.8183,0.8465,1,1,0.6246,0.6493,0.08365,0.030096,0.884,0.8971,0.9979,0.9645,0.7974,0.8485,0.8664,0.793,0.6879,0.7343,0.5278,0.6883,0.4935,0,0.13287,0.8446,0.8203,0.02139,0.9985,0.9979,0.7313,0.998,0.8372,0.05358,0.010692,0.006732,0.03505,0.8522,0.7987,0.9718,0.7915,0.7332,0.8188,0.6372,0.991,0.8937,0.5381,0.8412,0.9719,0.015933,0.9038,0.8118,0.998,0.8929,0.7219,0.8286,0.7658,0.9996,0.7102,0.9643,0.016606,0.7779,0.7494,0.7494,0.9298,1,
"Poz-21911",0.8991,0.9992,0.9999,1,1,1,0.9707,0.9782,0.9912,1,0.9734,1,1,1,1,0.9753,0.9998,1,0.9656,0.9907,0.9999,1,0.07621,0.8865,0.17093,0.9665,0.9019,0.9631,0.9684,1,1,0.9177,0.9278,0.4549,0.29959,0.9753,0.9779,0.9996,0.9925,0.9583,0.9686,0.9725,0.9566,0.9319,0.9441,0.8934,0.9361,0.8829,0.8671,0,0.9677,0.9633,0.3217,0.9997,0.9992,0.9438,0.9996,0.9664,0.4261,0.15294,0.19744,0.3686,0.9693,0.9582,0.9939,0.9573,0.9443,0.963,0.8505,0.9979,0.9769,0.8826,0.9671,0.994,0.29581,0.9798,0.9615,0.9996,0.9778,0.942,0.9648,0.9518,0.9999,0.939,0.9925,0.2609,0.9544,0.9482,0.9482,0.9856,1,
"Poz-21912",0.27375,0.9497,0.9796,0.9999,0.9998,0.9999,0.4065,0.5087,0.731,0.9997,0.4431,0.9934,0.9997,1,0.995,0.4608,0.9725,0.9999,0.3757,0.7407,0.9894,1,0.000095,0.09771,0.004813,0.4743,0.17859,0.429,0.5076,0.9994,0.9993,0.21685,0.22558,0.015355,0.005371,0.6444,0.6787,0.9701,0.8732,0.382,0.5173,0.564,0.3984,0.2661,0.30403,0.15643,0.24863,0.13906,0.1554,0.03226,0,0.4375,0.002463,0.9739,0.992,0.29441,0.9676,0.4824,0.006382,0.003712,0.00127,0.00328,0.5226,0.3932,0.8689,0.385,0.30435,0.4433,0.3159,0.9541,0.6748,0.17385,0.4967,0.8685,0.001268,0.6606,0.4229,0.9708,0.6296,0.28615,0.4591,0.3418,0.9879,0.27606,0.8435,0.00227,0.3619,0.31323,0.31346,0.7565,0.9835,
"Ki-5841",0.31454,0.9725,0.9934,1,0.9999,1,0.4733,0.58,0.7969,0.9998,0.5118,0.9982,0.9998,1,0.9983,0.5314,0.9883,0.9999,0.4383,0.8002,0.9966,1,0.000065,0.10941,0.005496,0.5383,0.20452,0.4928,0.5715,0.9999,0.9998,0.25114,0.25927,0.017499,0.005966,0.6881,0.7195,0.9866,0.8965,0.4411,0.5771,0.622,0.4537,0.3083,0.3519,0.17908,0.28845,0.15766,0.17969,0.03671,0.5625,0,0.002652,0.9893,0.995,0.3415,0.9856,0.5442,0.007004,0.00417,0.001278,0.003726,0.5836,0.4511,0.9039,0.4411,0.3518,0.5028,0.3559,0.969,0.7159,0.20063,0.557,0.9044,0.001116,0.7176,0.4833,0.9868,0.6887,0.3313,0.5225,0.3949,0.9957,0.3204,0.8824,0.002537,0.4166,0.3634,0.3627,0.7983,0.9931,
"GrN-14022",0.9614,0.9998,0.9999,1,1,1,0.998,0.9984,0.9992,1,0.998,1,1,1,1,0.9982,0.9999,1,0.9977,0.9991,0.9999,1,0.12851,0.9929,0.2652,0.9979,0.9916,0.9978,0.9981,1,1,0.9932,0.9955,0.6452,0.4545,0.9976,0.9979,0.9998,0.9992,0.9972,0.9978,0.9979,0.9967,0.9935,0.9956,0.9902,0.9954,0.9882,0.9786,0.6783,0.9975,0.9973,0,0.9999,0.9995,0.9958,0.9998,0.9974,0.6227,0.24159,0.3195,0.5545,0.9977,0.997,0.9993,0.9969,0.9957,0.9972,0.9195,0.9996,0.9977,0.9834,0.9975,0.9995,0.4639,0.9984,0.997,0.9999,0.9982,0.9956,0.9972,0.9966,0.9999,0.9952,0.9992,0.4078,0.9967,0.996,0.9962,0.9987,0.9999,
"Ki-6508",0.003356,0.4298,0.5275,0.9939,0.991,0.9974,0.005597,0.017852,0.08357,0.9985,0.007914,0.8132,0.9933,0.9992,0.8675,0.008302,0.5068,0.9988,0.005154,0.13723,0.7419,0.9999,0.000001,0.000957,0.000155,0.013666,0.002367,0.009233,0.015964,0.9768,0.9718,0.002729,0.003039,0.000174,0.000185,0.19162,0.22507,0.4831,0.4904,0.005715,0.03851,0.0575,0.015428,0.002921,0.00376,0.001467,0.002432,0.001349,0.001501,0.000331,0.026065,0.010718,0.000131,0,0.8919,0.003241,0.4551,0.016617,0.000079,0.000093,0.000007,0.000044,0.0326,0.008236,0.28977,0.00887,0.003772,0.017869,0.024715,0.595,0.23704,0.00156,0.03194,0.29029,0.000022,0.09687,0.011655,0.4835,0.07894,0.002931,0.012085,0.00549,0.7003,0.002881,0.25926,0.000052,0.006731,0.003841,0.003749,0.24475,0.687,
"Ki-6509",0.003267,0.08945,0.1129,0.8372,0.8557,0.9382,0.004759,0.006996,0.019526,0.9919,0.005108,0.4523,0.8945,0.9807,0.5574,0.005546,0.1124,0.9871,0.0044,0.029676,0.371,0.9965,0.000083,0.001711,0.000172,0.005902,0.002519,0.005001,0.006171,0.6424,0.6244,0.002723,0.003002,0.000677,0.000481,0.05578,0.0689,0.10311,0.2009,0.004081,0.010176,0.013952,0.005876,0.003003,0.003353,0.002042,0.002784,0.001996,0.002075,0.000816,0.007985,0.004972,0.000521,0.10807,0,0.003263,0.09223,0.006115,0.000669,0.000405,0.000393,0.000462,0.009033,0.004489,0.05856,0.004646,0.003515,0.006357,0.007558,0.23162,0.07795,0.002333,0.009268,0.05942,0.000317,0.021567,0.005245,0.10335,0.01793,0.003147,0.005366,0.003965,0.24925,0.003087,0.05261,0.000807,0.004197,0.003514,0.003509,0.058,0.3273,
"Poz-61732",0.4545,0.9918,0.9992,1,1,1,0.6786,0.7608,0.9086,0.9999,0.7078,0.9998,0.9999,1,0.9997,0.729,0.9975,1,0.6333,0.9036,0.9994,1,0.000218,0.15936,0.008467,0.6899,0.30277,0.655,0.7153,1,1,0.3717,0.3846,0.026561,0.008963,0.7842,0.8081,0.9955,0.933,0.6107,0.7149,0.7492,0.6087,0.4518,0.5093,0.26374,0.4307,0.23445,0.26867,0.05616,0.7056,0.6585,0.004238,0.9968,0.9967,0,0.9957,0.6944,0.011775,0.005941,0.002179,0.006278,0.7226,0.6149,0.9471,0.6035,0.5089,0.6569,0.473,0.9829,0.8036,0.29887,0.6992,0.9476,0.002152,0.8207,0.6421,0.9961,0.8004,0.4871,0.6774,0.5581,0.9989,0.471,0.9331,0.00397,0.5798,0.5263,0.5267,0.8691,0.9994,
"Ki-5434",0.00451,0.4722,0.5741,0.9984,0.9952,0.9991,0.007426,0.022833,0.0993,0.9987,0.010353,0.8388,0.9964,0.9997,0.8866,0.011241,0.5511,0.9992,0.006586,0.15521,0.7729,1,0,0.001261,0.000061,0.017803,0.002966,0.012487,0.021757,0.9863,0.9825,0.003355,0.003774,0.000186,0.000278,0.20914,0.24425,0.5277,0.5187,0.008079,0.04676,0.0677,0.018748,0.003785,0.005019,0.001921,0.003198,0.001603,0.001978,0.000441,0.03241,0.014391,0.000167,0.5449,0.9078,0.00433,0,0.02159,0.000113,0.000221,0.000021,0.000035,0.04008,0.011,0.3235,0.012021,0.005094,0.022343,0.028558,0.6275,0.2551,0.002213,0.03903,0.323,0.000009,0.11213,0.015017,0.5277,0.092,0.004068,0.01636,0.007204,0.736,0.003946,0.29041,0.000061,0.009161,0.005303,0.004972,0.26964,0.7162,
"Poz-58148",0.28366,0.9615,0.9884,0.9999,0.9999,0.9999,0.4235,0.529,0.7534,0.9997,0.461,0.9963,0.9997,1,0.9971,0.4795,0.9818,0.9999,0.3913,0.7613,0.9939,1,0.000124,0.10187,0.005136,0.4933,0.1846,0.4476,0.5264,0.9997,0.9997,0.22568,0.23514,0.016124,0.005497,0.6594,0.6922,0.9799,0.8822,0.3976,0.5358,0.5826,0.4129,0.27612,0.31612,0.16379,0.2589,0.14413,0.16284,0.03358,0.5176,0.4558,0.002586,0.9834,0.9939,0.30562,0.9784,0,0.006744,0.003961,0.001381,0.00346,0.5415,0.409,0.8839,0.401,0.31567,0.4594,0.3267,0.9621,0.6892,0.18202,0.5148,0.8844,0.001252,0.6813,0.4392,0.9805,0.6498,0.29766,0.4766,0.3547,0.9932,0.28675,0.8602,0.002347,0.3767,0.3255,0.3254,0.7726,0.9889,
"Poz-44433",0.9457,0.9998,1,1,1,1,0.9951,0.9961,0.9984,1,0.9954,1,1,1,1,0.9959,0.9999,1,0.9942,0.9982,1,1,0.08684,0.9751,0.18913,0.994,0.974,0.9934,0.9942,1,1,0.9792,0.9857,0.5309,0.3486,0.9945,0.9951,0.9998,0.9983,0.9922,0.9937,0.9946,0.9915,0.9828,0.9883,0.9701,0.987,0.9647,0.9464,0.5739,0.9936,0.993,0.3773,0.9999,0.9993,0.9882,0.9999,0.9933,0,0.17029,0.22588,0.4337,0.9939,0.9919,0.9986,0.9917,0.9878,0.9927,0.8945,0.9993,0.9945,0.9567,0.9935,0.9987,0.3459,0.9957,0.9924,0.9999,0.9955,0.9878,0.9931,0.9905,1,0.9865,0.9984,0.30214,0.9912,0.9894,0.9896,0.997,1,
"Poz-44431",0.9751,0.9998,0.9999,1,1,1,0.9965,0.9971,0.9986,1,0.9966,1,1,1,1,0.9969,0.9999,1,0.9959,0.9987,0.9999,1,0.29737,0.9894,0.5283,0.9962,0.9915,0.996,0.9966,1,1,0.9923,0.9928,0.8361,0.7072,0.997,0.9974,0.9999,0.9988,0.9953,0.9962,0.9968,0.9952,0.9932,0.9938,0.9903,0.9931,0.9898,0.9893,0.8471,0.9963,0.9958,0.7584,0.9999,0.9996,0.9941,0.9998,0.996,0.8297,0,0.6056,0.7875,0.9964,0.9954,0.999,0.9951,0.994,0.9957,0.9549,0.9995,0.9972,0.9902,0.9962,0.9991,0.7296,0.9976,0.9955,0.9999,0.9973,0.9938,0.9959,0.9946,0.9999,0.9935,0.9991,0.6744,0.9949,0.9942,0.9941,0.9982,0.9999,
"Poz-44430",0.9742,1,1,1,1,1,0.9992,0.9994,0.9997,1,0.9992,1,1,1,1,0.9993,1,1,0.9991,0.9998,1,1,0.21908,0.9959,0.4246,0.9989,0.9967,0.9989,0.9991,1,1,0.9972,0.9976,0.7857,0.6237,0.9988,0.9989,1,0.9996,0.9985,0.9988,0.999,0.9983,0.9971,0.9978,0.9958,0.9975,0.9954,0.9933,0.8026,0.9987,0.9987,0.6805,1,0.9996,0.9978,1,0.9986,0.7741,0.3944,0,0.7206,0.999,0.9984,0.9998,0.9984,0.9979,0.9986,0.9463,0.9999,0.9987,0.9943,0.9987,0.9997,0.6476,0.9992,0.9985,1,0.9992,0.9977,0.9985,0.9982,1,0.9974,0.9997,0.5826,0.9984,0.998,0.998,0.9993,1,
"Poz-44432",0.9561,0.9999,1,1,1,1,0.9976,0.9982,0.9993,1,0.9977,1,1,1,1,0.9981,1,1,0.9971,0.9992,1,1,0.11085,0.9866,0.23436,0.9971,0.9848,0.9966,0.9972,1,1,0.9877,0.9923,0.5943,0.4091,0.9969,0.9972,0.9999,0.999,0.9961,0.9968,0.9972,0.9953,0.9901,0.9933,0.9826,0.9929,0.9791,0.9649,0.6314,0.9967,0.9963,0.4455,1,0.9995,0.9937,1,0.9965,0.5663,0.21247,0.27945,0,0.997,0.9956,0.9993,0.9956,0.9934,0.9963,0.9092,0.9997,0.9968,0.9726,0.9965,0.9994,0.4127,0.9979,0.9958,1,0.9976,0.9933,0.9964,0.995,1,0.9924,0.9991,0.3608,0.9953,0.9943,0.9943,0.9984,1,
"Poz-44485",0.25766,0.9408,0.9741,0.9999,0.9997,0.9999,0.3828,0.4828,0.707,0.9996,0.4184,0.9912,0.9996,1,0.9931,0.4354,0.9657,0.9998,0.3546,0.7199,0.9864,1,0.000061,0.09235,0.00439,0.4505,0.16913,0.4074,0.4831,0.9992,0.9991,0.20517,0.21421,0.014479,0.00509,0.6279,0.6631,0.9634,0.8635,0.3615,0.4952,0.5421,0.3773,0.25088,0.28679,0.14841,0.23547,0.1314,0.14776,0.030735,0.4774,0.4164,0.002281,0.9674,0.991,0.27745,0.9599,0.4585,0.006126,0.003595,0.001026,0.003005,0,0.3726,0.8547,0.3649,0.28688,0.4217,0.30039,0.9484,0.6593,0.16454,0.4751,0.8551,0.000961,0.6406,0.4026,0.9635,0.6085,0.26988,0.4372,0.3234,0.9845,0.26062,0.8284,0.002078,0.3423,0.29528,0.2953,0.7424,0.9797,
"Poz-94493",0.3529,0.9793,0.9951,0.9999,0.9999,1,0.5342,0.6361,0.8358,0.9998,0.5712,0.9985,0.9998,1,0.9988,0.5925,0.9914,1,0.4947,0.8352,0.9974,1,0.000096,0.11717,0.0063,0.5858,0.22756,0.5433,0.6186,0.9998,0.9998,0.28152,0.28986,0.019417,0.006644,0.717,0.7478,0.9897,0.908,0.4914,0.6203,0.6633,0.4992,0.3469,0.3951,0.19874,0.3252,0.17546,0.20126,0.04176,0.6068,0.5489,0.002992,0.9918,0.9955,0.3851,0.989,0.591,0.008089,0.00462,0.001591,0.004361,0.6274,0,0.9189,0.4898,0.3944,0.5498,0.3895,0.9735,0.7424,0.22492,0.6001,0.9195,0.001388,0.7522,0.5317,0.9899,0.7255,0.3738,0.5702,0.4415,0.9966,0.3607,0.8997,0.002878,0.4641,0.4089,0.4077,0.82,0.9953,
"Poz-94503",0.05092,0.6445,0.7315,0.9992,0.9971,0.9995,0.07271,0.11717,0.25928,0.999,0.08582,0.9001,0.9978,0.9998,0.9295,0.09015,0.711,0.9994,0.06727,0.31047,0.859,1,0.000023,0.019381,0.000985,0.10854,0.0341,0.0906,0.12309,0.9918,0.9894,0.04012,0.04224,0.002967,0.001356,0.3244,0.3637,0.6968,0.634,0.07374,0.15037,0.18296,0.09143,0.04782,0.05554,0.029014,0.04468,0.026121,0.028247,0.006111,0.13113,0.0961,0.000723,0.7102,0.9414,0.05287,0.6765,0.11609,0.001415,0.000979,0.000245,0.000745,0.1453,0.08108,0,0.08072,0.05603,0.10601,0.08579,0.7473,0.3699,0.03182,0.13703,0.5013,0.000297,0.25262,0.09255,0.6978,0.22585,0.05091,0.10321,0.06574,0.8357,0.04934,0.4642,0.000419,0.07202,0.05713,0.05663,0.4149,0.8222,
"Poz-90808",0.3637,0.979,0.9946,1,1,1,0.5492,0.6472,0.8395,0.9998,0.5837,0.9983,0.9998,1,0.9986,0.6046,0.9907,1,0.5087,0.8381,0.9971,1,0.0001,0.12155,0.006481,0.5947,0.23648,0.5526,0.6254,0.9999,0.9998,0.29073,0.29969,0.020256,0.007052,0.7226,0.7519,0.9888,0.9096,0.5021,0.628,0.6696,0.5093,0.3569,0.406,0.20534,0.3358,0.18172,0.20849,0.0427,0.615,0.5589,0.003053,0.9911,0.9954,0.3965,0.988,0.599,0.008284,0.004937,0.001649,0.004369,0.6351,0.5102,0.9193,0,0.4063,0.558,0.397,0.9734,0.7471,0.23364,0.609,0.9195,0.001576,0.7562,0.5415,0.9894,0.7304,0.3855,0.5799,0.4535,0.9964,0.3717,0.9004,0.00296,0.475,0.4202,0.419,0.824,0.9951,
"Poz-90809",0.4485,0.9902,0.9986,1,1,1,0.664,0.7475,0.8999,0.9999,0.6945,0.9996,0.9999,1,0.9996,0.7148,0.9965,1,0.6197,0.896,0.9992,1,0.000202,0.16176,0.00849,0.6803,0.2987,0.6451,0.7054,1,0.9999,0.3666,0.3789,0.026707,0.009057,0.7779,0.8021,0.9948,0.931,0.6002,0.7056,0.7419,0.5993,0.4441,0.5005,0.2629,0.4237,0.23319,0.26683,0.05567,0.6957,0.6482,0.004303,0.9962,0.9965,0.4911,0.9949,0.6843,0.012183,0.006011,0.002147,0.006598,0.7131,0.6056,0.944,0.5937,0,0.6469,0.4665,0.9818,0.7971,0.29593,0.6908,0.9442,0.002328,0.8149,0.6326,0.9952,0.7925,0.4788,0.667,0.549,0.9985,0.4632,0.9294,0.003996,0.5695,0.517,0.5168,0.8643,0.9987,
"Poz-90810",0.3163,0.964,0.9867,1,0.9999,1,0.4768,0.5776,0.785,0.9997,0.5127,0.9957,0.9998,1,0.9966,0.5323,0.9813,0.9999,0.4401,0.7903,0.9931,1,0.000081,0.10786,0.005866,0.534,0.20551,0.4915,0.5661,0.9997,0.9996,0.25213,0.26059,0.017783,0.006073,0.6827,0.7141,0.9793,0.8906,0.4409,0.5715,0.6158,0.4525,0.30935,0.3534,0.17833,0.29025,0.15892,0.18122,0.03704,0.5567,0.4972,0.002805,0.9821,0.9936,0.3431,0.9777,0.5407,0.007264,0.00427,0.001426,0.003705,0.5783,0.4502,0.894,0.442,0.3531,0,0.3555,0.9631,0.7105,0.20269,0.5528,0.8941,0.001266,0.7083,0.4816,0.9798,0.6807,0.3338,0.5189,0.3955,0.9917,0.3219,0.8722,0.002623,0.4169,0.3653,0.3645,0.7901,0.9894,
"Gd-4117",0.4901,0.9637,0.979,0.9997,0.9996,0.9999,0.646,0.7142,0.849,0.9998,0.6709,0.9921,0.9996,1,0.9944,0.685,0.9752,0.9999,0.6153,0.8521,0.9885,1,0.018594,0.30151,0.05111,0.6701,0.3926,0.6408,0.6903,0.999,0.9988,0.44,0.4508,0.12199,0.07831,0.7689,0.791,0.973,0.9153,0.605,0.6947,0.7246,0.609,0.494,0.5334,0.3678,0.4807,0.345,0.3628,0.1495,0.6841,0.6441,0.08049,0.9753,0.9924,0.527,0.9714,0.6733,0.10546,0.04514,0.0537,0.09081,0.6996,0.6105,0.9142,0.6031,0.5335,0.6445,0,0.966,0.7886,0.385,0.6807,0.9145,0.07336,0.7884,0.6316,0.9732,0.7681,0.518,0.6592,0.5684,0.9865,0.5068,0.8994,0.06707,0.5851,0.546,0.5453,0.8434,0.9877,
"Ki-5595",0.016244,0.3557,0.4226,0.9388,0.9434,0.9764,0.024377,0.03976,0.10241,0.9961,0.028,0.7038,0.9587,0.9925,0.7712,0.029627,0.4083,0.9946,0.022462,0.13879,0.6352,0.9987,0.000054,0.00616,0.000297,0.03518,0.01089,0.0292,0.03938,0.8675,0.8599,0.013127,0.013836,0.000989,0.000589,0.17363,0.20102,0.3919,0.4209,0.023391,0.05578,0.07134,0.0322,0.015448,0.01806,0.009474,0.014482,0.008235,0.009046,0.002134,0.04591,0.031024,0.000399,0.405,0.7684,0.017149,0.3725,0.03788,0.000658,0.000463,0.000147,0.000291,0.05159,0.026542,0.25268,0.026641,0.018242,0.03688,0.03398,0,0.21036,0.01003,0.0498,0.25396,0.000199,0.10569,0.030284,0.3938,0.09105,0.016399,0.03336,0.021584,0.5721,0.016184,0.23071,0.000267,0.023654,0.018454,0.018259,0.21633,0.5938,
"Gd-6438",0.18233,0.7256,0.7752,0.9832,0.9842,0.9932,0.26962,0.3325,0.4808,0.9986,0.29091,0.8949,0.9882,0.9978,0.9201,0.30175,0.7636,0.9983,0.25062,0.5043,0.8647,0.9996,0.000154,0.06693,0.003654,0.30572,0.12108,0.27961,0.3256,0.9629,0.9599,0.14711,0.15245,0.011609,0.004256,0.4656,0.4982,0.7557,0.7058,0.25163,0.3392,0.3727,0.26249,0.17806,0.20267,0.10596,0.16833,0.09488,0.10627,0.023074,0.3252,0.28415,0.002338,0.763,0.9221,0.19644,0.7449,0.31082,0.005514,0.002843,0.001277,0.003152,0.3407,0.25758,0.6301,0.25293,0.2029,0.28948,0.21143,0.7896,0,0.11875,0.3248,0.6297,0.001402,0.4425,0.2758,0.7556,0.4184,0.19123,0.29687,0.22594,0.8438,0.1857,0.6053,0.002042,0.23867,0.20999,0.20875,0.5507,0.858,
"Poz-61733",0.6438,0.9962,0.9998,1,1,1,0.8375,0.8779,0.9532,0.9999,0.851,1,1,1,0.9999,0.864,0.9989,1,0.8064,0.951,0.9998,1,0.00134,0.406,0.015115,0.8168,0.5235,0.798,0.8299,1,1,0.5885,0.6117,0.07113,0.02553,0.8706,0.8853,0.9978,0.9603,0.7733,0.8317,0.852,0.7681,0.6561,0.7051,0.4853,0.654,0.4486,0.4619,0.11739,0.8262,0.7994,0.016624,0.9984,0.9977,0.7011,0.9978,0.818,0.04328,0.009779,0.005669,0.027432,0.8355,0.7751,0.9682,0.7664,0.7041,0.7973,0.615,0.99,0.8812,0,0.8229,0.9689,0.012116,0.893,0.79,0.9981,0.8802,0.6905,0.8094,0.7383,0.9996,0.677,0.9598,0.013183,0.7532,0.7198,0.7202,0.9226,1,
"Ki-6513",0.2783,0.9436,0.9739,0.9999,0.9997,0.9999,0.4154,0.5142,0.7295,0.9997,0.4509,0.991,0.9996,1,0.9934,0.4687,0.9664,0.9999,0.3853,0.7399,0.9863,1,0.00009,0.09734,0.005031,0.4784,0.18162,0.4345,0.5101,0.9993,0.999,0.22129,0.22935,0.015833,0.005435,0.6448,0.6773,0.9639,0.8701,0.3887,0.5192,0.5651,0.4032,0.27097,0.31017,0.15807,0.25533,0.14051,0.15881,0.0329,0.5033,0.443,0.002521,0.9681,0.9907,0.30083,0.961,0.4852,0.006472,0.003849,0.001286,0.003499,0.5249,0.3999,0.863,0.391,0.30925,0.4472,0.3193,0.9502,0.6752,0.17709,0,0.8633,0.001278,0.6604,0.4285,0.9642,0.6304,0.29035,0.4634,0.3483,0.9843,0.28137,0.8386,0.002335,0.3682,0.3194,0.3191,0.7553,0.9809,
"Poz-61734",0.05018,0.6425,0.7308,0.9992,0.9972,0.9996,0.07266,0.11659,0.26039,0.999,0.08602,0.8998,0.9978,0.9998,0.9298,0.09007,0.7097,0.9994,0.06718,0.3092,0.8573,1,0.00001,0.019201,0.000971,0.10788,0.03342,0.08991,0.12277,0.992,0.9895,0.03934,0.04213,0.002778,0.001238,0.3242,0.3627,0.6943,0.6331,0.07347,0.14967,0.18292,0.09127,0.04826,0.05586,0.029045,0.04475,0.026023,0.0281,0.005967,0.13149,0.09555,0.000517,0.7097,0.9406,0.05239,0.677,0.11562,0.001301,0.000871,0.000256,0.000633,0.14489,0.0805,0.4987,0.08053,0.05579,0.10592,0.08551,0.746,0.3703,0.031085,0.13667,0,0.000232,0.25372,0.09237,0.697,0.22529,0.05099,0.10339,0.06559,0.8352,0.04918,0.4632,0.000537,0.07237,0.05719,0.05669,0.4138,0.8228,
"Poz-58109",0.9655,1,1,1,1,1,0.9996,0.9996,0.9999,1,0.9995,1,1,1,1,0.9996,1,1,0.9994,0.9998,1,1,0.1444,0.9954,0.29412,0.9993,0.9952,0.9991,0.9993,1,1,0.9958,0.9979,0.6745,0.4876,0.9986,0.9988,1,0.9995,0.9987,0.9988,0.9991,0.9984,0.9959,0.9976,0.9936,0.9974,0.9924,0.9841,0.7042,0.9987,0.9989,0.5361,1,0.9997,0.9978,1,0.9987,0.6541,0.27043,0.3524,0.5873,0.999,0.9986,0.9997,0.9984,0.9977,0.9987,0.9266,0.9998,0.9986,0.9879,0.9987,0.9998,0,0.9993,0.9986,1,0.9992,0.9976,0.9987,0.9983,1,0.9971,0.9997,0.4408,0.9984,0.998,0.9981,0.9994,1,
"Poz-102997",0.16888,0.8589,0.9135,0.9998,0.9991,0.9998,0.24557,0.3309,0.5446,0.9994,0.27476,0.9695,0.9992,0.9999,0.9778,0.28575,0.8997,0.9997,0.22766,0.5718,0.9549,1,0.000059,0.0631,0.002972,0.31009,0.11164,0.27372,0.3381,0.9977,0.9969,0.13431,0.14004,0.009668,0.003425,0.5191,0.557,0.896,0.7928,0.23683,0.359,0.4041,0.25833,0.16213,0.18624,0.09809,0.15312,0.08685,0.09621,0.020194,0.3394,0.2824,0.001622,0.9031,0.9784,0.17934,0.8879,0.3187,0.004256,0.002428,0.000781,0.002064,0.3594,0.24776,0.7474,0.24385,0.18505,0.2917,0.2116,0.8943,0.5575,0.10702,0.3396,0.7463,0.000744,0,0.27139,0.8956,0.4668,0.17385,0.29841,0.21208,0.9487,0.1688,0.7152,0.001408,0.22621,0.19129,0.19056,0.6329,0.9412,
"Poz-102996",0.3291,0.9731,0.9926,1,0.9999,1,0.4959,0.5993,0.8081,0.9998,0.5335,0.9979,0.9998,1,0.9981,0.5537,0.9879,0.9999,0.4588,0.8097,0.9961,1,0.000149,0.11157,0.006002,0.5549,0.21364,0.5092,0.5871,0.9999,0.9998,0.26139,0.27015,0.018318,0.006238,0.6968,0.7277,0.9859,0.8995,0.4591,0.5906,0.635,0.4701,0.3215,0.368,0.18602,0.30127,0.16412,0.18819,0.03849,0.5771,0.5167,0.002974,0.9883,0.9948,0.3579,0.985,0.5608,0.007625,0.004544,0.00154,0.004157,0.5974,0.4683,0.9075,0.4585,0.3674,0.5184,0.3684,0.9697,0.7242,0.21,0.5715,0.9076,0.001416,0.7286,0,0.9864,0.7003,0.3475,0.5389,0.4109,0.9954,0.3349,0.8863,0.002573,0.4338,0.3806,0.3792,0.8038,0.9931,
"Poz-111913",0.004132,0.4457,0.5442,0.9954,0.9925,0.998,0.006905,0.020653,0.09135,0.9986,0.009474,0.8213,0.9945,0.9993,0.8741,0.010154,0.522,0.9989,0.006091,0.14494,0.7517,0.9999,0,0.001158,0.000057,0.016014,0.002919,0.011532,0.019387,0.98,0.9751,0.003406,0.003556,0.000192,0.00024,0.19871,0.23367,0.5004,0.5009,0.007164,0.04249,0.06244,0.017347,0.003618,0.004761,0.001843,0.003146,0.001687,0.001963,0.000411,0.029212,0.01321,0.000136,0.5165,0.8966,0.003928,0.4723,0.01946,0.000147,0.00011,0.000002,0.000039,0.03653,0.010097,0.30223,0.010617,0.004834,0.020232,0.026847,0.6062,0.24443,0.001949,0.03583,0.30303,0.000021,0.10444,0.013617,0,0.08538,0.003736,0.014612,0.006677,0.7123,0.003925,0.27174,0.000038,0.008322,0.004792,0.004821,0.25498,0.6973,
"Poz-130232",0.18789,0.8811,0.9312,0.9998,0.9994,0.9998,0.27414,0.3633,0.5817,0.9995,0.30537,0.9756,0.9993,1,0.9824,0.3179,0.918,0.9998,0.25456,0.606,0.9642,1,0.000066,0.06869,0.00331,0.3414,0.12383,0.30267,0.371,0.998,0.9975,0.14974,0.15657,0.010928,0.003915,0.5438,0.582,0.9151,0.8109,0.26349,0.3903,0.4349,0.28427,0.18084,0.20728,0.10834,0.17085,0.09672,0.10707,0.022234,0.3704,0.31132,0.001835,0.9211,0.9821,0.19957,0.908,0.3502,0.004486,0.002704,0.000798,0.002393,0.3915,0.27455,0.7741,0.26957,0.20745,0.3193,0.23191,0.9089,0.5816,0.11978,0.3697,0.7747,0.000794,0.5332,0.29971,0.9146,0,0.19343,0.329,0.23552,0.959,0.18775,0.743,0.001534,0.25089,0.21334,0.21338,0.6599,0.9523,
"Poz-111914",0.4666,0.9924,0.9993,1,1,1,0.6911,0.7698,0.9122,0.9999,0.7199,0.9998,0.9999,1,0.9997,0.7405,0.9978,1,0.6463,0.9078,0.9996,1,0.000241,0.16906,0.008955,0.6998,0.31479,0.6654,0.7239,1,1,0.3843,0.3956,0.028071,0.009635,0.7903,0.813,0.9958,0.9355,0.6217,0.7224,0.7573,0.6198,0.4645,0.5218,0.27544,0.4434,0.2446,0.27812,0.05803,0.7138,0.6687,0.004383,0.9971,0.9969,0.5129,0.9959,0.7023,0.012189,0.00621,0.002329,0.006707,0.7301,0.6262,0.9491,0.6145,0.5212,0.6662,0.482,0.9836,0.8088,0.30955,0.7097,0.949,0.002408,0.8262,0.6525,0.9963,0.8066,0,0.6876,0.5698,0.9989,0.4839,0.9356,0.004277,0.5915,0.5395,0.5381,0.8728,0.9995,
"OxA-23437",0.29859,0.969,0.9925,1,0.9999,1,0.4465,0.554,0.7776,0.9997,0.4854,0.9979,0.9998,1,0.9981,0.5041,0.9867,0.9999,0.4123,0.7829,0.9961,1,0.000077,0.10672,0.005317,0.5156,0.195,0.4685,0.55,0.9998,0.9998,0.23755,0.24667,0.01684,0.005997,0.6741,0.7073,0.9851,0.8906,0.4177,0.5563,0.6029,0.4331,0.29077,0.3328,0.17109,0.27296,0.15104,0.17136,0.03517,0.5409,0.4775,0.002763,0.9879,0.9946,0.3226,0.9836,0.5234,0.006926,0.004122,0.001485,0.00365,0.5628,0.4298,0.8968,0.4201,0.333,0.4811,0.3408,0.9666,0.7031,0.19057,0.5366,0.8966,0.001299,0.7016,0.4611,0.9854,0.671,0.31242,0,0.3737,0.9953,0.30289,0.8733,0.002516,0.3955,0.3435,0.3421,0.7869,0.9914,
"Poz-90821",0.4039,0.9863,0.9974,1,0.9999,1,0.6086,0.7007,0.8745,0.9998,0.6405,0.9992,0.9999,1,0.9992,0.6617,0.9947,1,0.5641,0.8711,0.9985,1,0.000108,0.13685,0.00728,0.6394,0.2631,0.6007,0.6683,1,0.9999,0.3265,0.3354,0.0225,0.007782,0.7523,0.7786,0.9929,0.9213,0.5527,0.6691,0.7084,0.5553,0.399,0.4527,0.2302,0.3758,0.20257,0.23424,0.04822,0.6582,0.6051,0.003358,0.9945,0.996,0.4419,0.9928,0.6453,0.009494,0.005397,0.00182,0.00496,0.6766,0.5585,0.9343,0.5465,0.451,0.6045,0.4316,0.9784,0.7741,0.26173,0.6517,0.9344,0.001688,0.7879,0.5891,0.9933,0.7645,0.4302,0.6263,0,0.9979,0.4149,0.9183,0.003213,0.5226,0.4684,0.4677,0.8464,0.9976,
"GrN-20927",0.001084,0.25172,0.31518,0.9441,0.9464,0.9793,0.002667,0.008111,0.04274,0.9965,0.003247,0.6573,0.9615,0.9934,0.7413,0.003848,0.30349,0.9952,0.0024,0.07457,0.573,0.999,0,0.000146,0.000017,0.005561,0.001019,0.003667,0.00647,0.8713,0.861,0.001103,0.001252,0.000051,0.000156,0.12086,0.14434,0.28712,0.3575,0.002114,0.019319,0.029434,0.007291,0.001035,0.001402,0.000357,0.000889,0.00038,0.000433,0.000136,0.012125,0.004317,0.000069,0.29968,0.7508,0.001119,0.26401,0.006801,0.000023,0.000099,0,0.000044,0.01552,0.003414,0.16432,0.003601,0.001541,0.008273,0.013521,0.4279,0.15624,0.000441,0.015703,0.16475,0,0.05129,0.004556,0.28773,0.04095,0.001076,0.004686,0.002122,0,0.001193,0.14506,0.000014,0.00275,0.001476,0.001433,0.14529,0.5289,
"Poz-90785",0.4816,0.9927,0.9992,1,1,1,0.7071,0.7819,0.9169,0.9999,0.734,0.9998,0.9999,1,0.9997,0.7533,0.9978,1,0.6629,0.9128,0.9995,1,0.000383,0.18185,0.00943,0.7089,0.3278,0.6775,0.7322,1,1,0.3994,0.4122,0.029704,0.010105,0.7976,0.8196,0.996,0.9373,0.635,0.7328,0.7659,0.6324,0.4803,0.5374,0.28866,0.4607,0.25545,0.28976,0.06102,0.7239,0.6796,0.004825,0.9971,0.9969,0.529,0.9961,0.7133,0.013526,0.006493,0.002573,0.007632,0.7394,0.6393,0.9507,0.6283,0.5368,0.6781,0.4932,0.9838,0.8143,0.323,0.7186,0.9508,0.002919,0.8312,0.6651,0.9961,0.8123,0.5161,0.6971,0.5851,0.9988,0,0.9373,0.004778,0.6059,0.5547,0.5551,0.8772,0.9994,
"Poz-61738",0.06396,0.6767,0.7595,0.9993,0.9976,0.9996,0.0916,0.14208,0.29758,0.999,0.10741,0.9116,0.9981,0.9998,0.9376,0.11244,0.7409,0.9995,0.08462,0.3447,0.8738,1,0.000005,0.024425,0.001067,0.13241,0.04201,0.11158,0.14837,0.9928,0.9906,0.0504,0.05313,0.003716,0.001489,0.3507,0.3898,0.728,0.6571,0.09168,0.17578,0.2099,0.11081,0.06043,0.06987,0.03727,0.05679,0.03241,0.03568,0.007511,0.15654,0.11763,0.000802,0.7407,0.9474,0.06692,0.7096,0.13979,0.001644,0.000906,0.000324,0.000857,0.17163,0.10026,0.5358,0.09959,0.07059,0.12782,0.10057,0.7693,0.3947,0.04015,0.16141,0.5368,0.000317,0.28482,0.11367,0.7283,0.25703,0.06445,0.12665,0.08166,0.8549,0.06275,0,0.00059,0.0894,0.07236,0.07114,0.4446,0.8425,
"Ki-5910",0.9672,0.9999,1,1,1,1,0.9982,0.9986,0.9995,1,0.9983,1,1,1,1,0.9985,1,1,0.9977,0.9994,1,1,0.17631,0.9923,0.3511,0.9978,0.9924,0.9977,0.9981,1,1,0.9936,0.9955,0.7154,0.5437,0.998,0.9983,1,0.9993,0.9973,0.9977,0.9981,0.9972,0.9945,0.996,0.991,0.9956,0.9897,0.9834,0.7391,0.9977,0.9975,0.5922,0.9999,0.9992,0.996,0.9999,0.9977,0.6979,0.3256,0.4174,0.6392,0.9979,0.9971,0.9996,0.997,0.996,0.9974,0.9329,0.9997,0.998,0.9868,0.9977,0.9995,0.5592,0.9986,0.9974,1,0.9985,0.9957,0.9975,0.9968,1,0.9952,0.9994,0,0.9969,0.9962,0.9962,0.9989,1,
"Ki-5952",0.3841,0.9831,0.9963,1,1,1,0.5801,0.6751,0.8586,0.9998,0.6142,0.9989,0.9999,1,0.9991,0.6354,0.9932,0.9999,0.5373,0.8568,0.998,1,0.000101,0.12895,0.006845,0.6193,0.25,0.5775,0.6486,0.9999,0.9999,0.30827,0.3165,0.021195,0.007256,0.7388,0.7668,0.9914,0.9162,0.5288,0.6502,0.6905,0.5339,0.3796,0.4303,0.21727,0.3561,0.19296,0.2221,0.04559,0.6381,0.5834,0.003329,0.9933,0.9958,0.4202,0.9908,0.6233,0.008754,0.005127,0.001647,0.004714,0.6577,0.5359,0.928,0.525,0.4305,0.5831,0.4149,0.9763,0.7613,0.24676,0.6318,0.9276,0.001569,0.7738,0.5663,0.9917,0.7491,0.4085,0.6045,0.4774,0.9973,0.3941,0.9106,0.003071,0,0.4444,0.4446,0.8358,0.9967,
"Ki-5433",0.4304,0.9904,0.9987,1,1,1,0.6489,0.7365,0.8967,0.9998,0.68,0.9997,0.9999,1,0.9996,0.7024,0.9969,1,0.6033,0.8925,0.9992,1,0.000184,0.14485,0.00809,0.669,0.28275,0.6328,0.6974,1,1,0.3486,0.3583,0.024821,0.008727,0.7709,0.7962,0.9949,0.9287,0.5847,0.6963,0.7342,0.5851,0.427,0.4829,0.24576,0.404,0.21702,0.25064,0.05177,0.6868,0.6366,0.003969,0.9962,0.9965,0.4737,0.9947,0.6745,0.010631,0.005814,0.001989,0.005745,0.7047,0.5911,0.9429,0.5798,0.483,0.6347,0.454,0.9815,0.79,0.28024,0.6806,0.9428,0.00205,0.8087,0.6194,0.9952,0.7867,0.4605,0.6565,0.5316,0.9985,0.4453,0.9276,0.003784,0.5556,0,0.4996,0.8596,0.999,
"Poz-58111",0.4316,0.9904,0.9987,1,1,1,0.6492,0.737,0.897,0.9998,0.6811,0.9997,0.9999,1,0.9997,0.7023,0.9969,1,0.6041,0.8926,0.9993,1,0.000187,0.14545,0.008008,0.6707,0.28176,0.6323,0.6977,1,1,0.3498,0.3589,0.024558,0.008522,0.7715,0.7966,0.995,0.9287,0.5864,0.6966,0.7334,0.5867,0.4279,0.4836,0.24682,0.4035,0.21703,0.25057,0.05177,0.6865,0.6373,0.003779,0.9963,0.9965,0.4733,0.995,0.6746,0.010361,0.00586,0.00203,0.005679,0.7047,0.5923,0.9434,0.581,0.4832,0.6355,0.4547,0.9817,0.7913,0.27976,0.6809,0.9433,0.001877,0.8094,0.6208,0.9952,0.7866,0.4619,0.6579,0.5323,0.9986,0.4449,0.9289,0.003764,0.5554,0.5004,0,0.8601,0.999,
"Ki-6221",0.12297,0.7042,0.7707,0.9956,0.9943,0.9982,0.18138,0.23879,0.3934,0.9991,0.2013,0.9089,0.9956,0.9994,0.9345,0.20848,0.7554,0.9993,0.16826,0.428,0.8741,0.9999,0.000058,0.04404,0.002347,0.22112,0.08024,0.19625,0.23926,0.9856,0.9834,0.09746,0.10212,0.00704,0.002617,0.4103,0.4461,0.7445,0.6856,0.17195,0.25923,0.29411,0.18688,0.11862,0.13613,0.07016,0.11158,0.06233,0.07016,0.014366,0.24345,0.20167,0.001305,0.7553,0.942,0.13094,0.7304,0.2274,0.00299,0.001805,0.000701,0.001572,0.25757,0.17996,0.5851,0.17596,0.13572,0.20989,0.15658,0.7837,0.4493,0.07741,0.24471,0.5862,0.000584,0.3671,0.19618,0.745,0.3401,0.1272,0.21305,0.15359,0.8547,0.12283,0.5554,0.001082,0.16424,0.14041,0.13991,0,0.8578,
"End_GAC",0.001141,0.27639,0.3372,0.9307,0.9344,0.9742,0.002284,0.0139,0.06569,0.9962,0.005072,0.6491,0.9522,0.9927,0.7284,0.005759,0.3263,0.9944,0.001722,0.09679,0.5728,0.9992,0,0,0.000002,0.009272,0.000451,0.006168,0.012032,0.7808,0.77,0.000449,0.000494,0.000007,0.000102,0.10968,0.13222,0.30265,0.3318,0.002745,0.022691,0.03362,0.008239,0.000506,0.000971,0.000003,0.000125,0.000003,0.000025,0.000041,0.016529,0.006936,0.000103,0.31299,0.6727,0.000633,0.28379,0.011111,0.000008,0.000092,0,0,0.020259,0.004735,0.1778,0.004915,0.001296,0.010563,0.012279,0.4062,0.14201,0.000027,0.019068,0.17716,0,0.05878,0.006878,0.30273,0.04769,0.000479,0.008593,0.002353,0.4711,0.000597,0.1575,0,0.003276,0.001018,0.001008,0.14217,0,
